{
  "created_at": "2026-03-21T11:28:53",
  "source": "live_segment",
  "duration_seconds": 10,
  "master": {
    "p20": -12.666603367020025,
    "p40": -3.3409144182723494,
    "p80": 5.1643886846243126,
    "p160": 3.8380235859635534,
    "p320": 2.6829542951378818,
    "p640": 2.4507013996502662,
    "p1200": -6.433826275849367,
    "p2500": -10.48622973294553,
    "p5000": -15.332677993552162,
    "p10000": -25.952462668172974,
    "p20000": -33.24833012762209
  }
}