{
  "created_at": "2026-03-17T21:29:28",
  "source": "live_segment",
  "duration_seconds": 10,
  "master": {
    "p20": -24.648267620046443,
    "p40": -17.95254475894613,
    "p80": -9.175884622452257,
    "p160": 0.28768819755557284,
    "p320": 7.196648162314416,
    "p640": 0.7713493037335051,
    "p1200": -1.6518685549758687,
    "p2500": -0.012411616508734801,
    "p5000": -15.585637635882023,
    "p10000": -22.56508156703811,
    "p20000": -96.0
  }
}