{
  "created_at": "2026-03-19T09:49:34",
  "source": "live_segment",
  "duration_seconds": 10,
  "master": {
    "p20": -18.5203603456902,
    "p40": -8.028803397936134,
    "p80": -3.5838756085476944,
    "p160": -0.3843739405874639,
    "p320": -1.4896683443788796,
    "p640": 5.60301527315897,
    "p1200": 5.134340208491689,
    "p2500": -4.242019794047787,
    "p5000": -12.312846837369587,
    "p10000": -21.850074612152333,
    "p20000": -29.223465567146256
  }
}