{
  "created_at": "2026-03-18T14:13:04",
  "source": "live_segment",
  "duration_seconds": 10,
  "master": {
    "p20": -13.878220968610762,
    "p40": -5.2455524762041765,
    "p80": 4.893788895853044,
    "p160": 4.298304492666154,
    "p320": 2.3079380023804346,
    "p640": 3.1536382067116744,
    "p1200": -5.9628237469568806,
    "p2500": -10.315433534801489,
    "p5000": -15.444617495499296,
    "p10000": -25.771677456135563,
    "p20000": -33.180579390624324
  }
}