{
  "created_at": "2026-03-17T19:03:00",
  "source": "live_segment",
  "duration_seconds": 10,
  "master": {
    "p20": -23.988765436939588,
    "p40": -21.21455053381868,
    "p80": -10.191181236193644,
    "p160": -0.2575849165918279,
    "p320": -1.6298855913731312,
    "p640": 5.916600747318323,
    "p1200": 4.022889984068584,
    "p2500": -4.348034051397127,
    "p5000": -7.715799252239137,
    "p10000": -21.935504185461074,
    "p20000": -24.0
  }
}