{
  "Worship-Balanced": {
    "master": {
      "p20": 0.12,
      "p40": 0.42,
      "p80": 0.45,
      "p160": 0.58,
      "p320": 0.8,
      "p640": 0.75,
      "p1200": 0.92,
      "p2500": 0.86,
      "p5000": 0.68,
      "p10000": 0.44,
      "p20000": 0.2
    }
  },
  "worship": {
    "master": {
      "p20": 0.12,
      "p40": 0.22,
      "p80": 0.45,
      "p160": 0.6,
      "p320": 0.8,
      "p640": 0.7,
      "p1200": 0.9,
      "p2500": 0.85,
      "p5000": 0.65,
      "p10000": 0.44,
      "p20000": 0.2
    }
  },
  "hilsong": {
    "master": {
      "p20": 0.1,
      "p40": 0.2,
      "p80": 0.52,
      "p160": 0.7,
      "p320": 0.8,
      "p640": 0.88,
      "p1200": 0.94,
      "p2500": 0.92,
      "p5000": 0.75,
      "p10000": 0.5,
      "p20000": 0.25
    }
  },
  "MIDI": {
    "master": {
      "p20": 0.25,
      "p40": 0.35,
      "p80": 0.65,
      "p160": 0.75,
      "p320": 0.55,
      "p640": 0.5,
      "p1200": 0.42,
      "p2500": 0.32,
      "p5000": 0.18,
      "p10000": 0.09,
      "p20000": 0.04
    }
  },
  "Worship-PA-Calibrated": {
    "created_at": "2026-03-17T13:44:50",
    "source": "live_segment",
    "duration_seconds": 10,
    "master": {
      "p20": 0.06,
      "p40": 0.43,
      "p80": 0.69,
      "p160": 0.79,
      "p320": 0.75,
      "p640": 0.98,
      "p1200": 0.93,
      "p2500": 0.83,
      "p5000": 0.46,
      "p10000": 0.13,
      "p20000": 0.0
    }
  },
  "Profile_learn_291": {
    "p20": 0.1434644932342297,
    "p40": 0.4039117746996879,
    "p80": 0.6311065605724108,
    "p160": 0.7996632423751387,
    "p320": 0.7314700715344863,
    "p640": 0.88,
    "p1200": 0.9060350753715445,
    "p2500": 0.7360393423776236,
    "p5000": 0.477435537611557,
    "p10000": 0.04933248968428453,
    "p20000": 0.0
  },
  "Profile_learn_003": {
    "p20": 0.09168412379302021,
    "p40": 0.24470457838116685,
    "p80": 0.4804831345511141,
    "p160": 0.6908557380259382,
    "p320": 0.6409734017726467,
    "p640": 0.8,
    "p1200": 0.6635266116833844,
    "p2500": 0.4165390628615447,
    "p5000": 0.3360121660132892,
    "p10000": 0.08568809862604994,
    "p20000": 0.01197934313438509
  },
  "Profile_learn_004": {
    "p20": 0.05594548308632833,
    "p40": 0.13562524369120615,
    "p80": 0.48734495399777933,
    "p160": 0.7612919826818706,
    "p320": 0.7816141950626209,
    "p640": 0.9942983121101385,
    "p1200": 0.8593916527977006,
    "p2500": 0.5811320121055734,
    "p5000": 0.5154184454235428,
    "p10000": 0.178810447336154,
    "p20000": 0.005671915548431391
  },
  "Profile_learn_005": {
    "p20": 0.00037448543534708274,
    "p40": 0.09284831553937731,
    "p80": 0.4602939587935452,
    "p160": 0.7914138361136056,
    "p320": 0.7456704802875623,
    "p640": 0.9972200249106108,
    "p1200": 0.934096332802286,
    "p2500": 0.6550655316200957,
    "p5000": 0.5428066915920288,
    "p10000": 0.06881652715129753,
    "p20000": 0.0
  }
}