{
  "Worship-Balanced": {
    "master": {
      "p20": 0.12,
      "p40": 0.42,
      "p80": 0.45,
      "p160": 0.58,
      "p320": 0.8,
      "p640": 0.75,
      "p1200": 0.92,
      "p2500": 0.86,
      "p5000": 0.68,
      "p10000": 0.44,
      "p20000": 0.2
    }
  },
  "worship": {
    "master": {
      "p20": 0.12,
      "p40": 0.22,
      "p80": 0.45,
      "p160": 0.6,
      "p320": 0.8,
      "p640": 0.7,
      "p1200": 0.9,
      "p2500": 0.85,
      "p5000": 0.65,
      "p10000": 0.44,
      "p20000": 0.2
    }
  },
  "hilsong": {
    "master": {
      "p20": 0.1,
      "p40": 0.2,
      "p80": 0.52,
      "p160": 0.7,
      "p320": 0.8,
      "p640": 0.88,
      "p1200": 0.94,
      "p2500": 0.92,
      "p5000": 0.75,
      "p10000": 0.5,
      "p20000": 0.25
    }
  },
  "MIDI": {
    "master": {
      "p20": 0.25,
      "p40": 0.35,
      "p80": 0.65,
      "p160": 0.75,
      "p320": 0.55,
      "p640": 0.5,
      "p1200": 0.42,
      "p2500": 0.32,
      "p5000": 0.18,
      "p10000": 0.09,
      "p20000": 0.04
    }
  },
  "Worship-PA-Calibrated": {
    "p20": 0.8050747184131027,
    "p40": 0.8349056396433026,
    "p80": 0.8906915206040797,
    "p160": 0.8645311185961627,
    "p320": 0.9319851433949337,
    "p640": 0.9354471963489919,
    "p1200": 0.8627801376826768,
    "p2500": 0.8510114872843451,
    "p5000": 0.7441770081169169,
    "p10000": 0.705637433574922,
    "p20000": 0.6891772398978809
  },
  "Profile_learn_291": {
    "p20": 0.1434644932342297,
    "p40": 0.4039117746996879,
    "p80": 0.6311065605724108,
    "p160": 0.7996632423751387,
    "p320": 0.7314700715344863,
    "p640": 0.88,
    "p1200": 0.9060350753715445,
    "p2500": 0.7360393423776236,
    "p5000": 0.477435537611557,
    "p10000": 0.04933248968428453,
    "p20000": 0.0
  },
  "Profile_learn_003": {
    "p20": 0.6163954413915602,
    "p40": 0.6819501450775467,
    "p80": 0.7322108210638771,
    "p160": 0.743072778037486,
    "p320": 0.7350806795524215,
    "p640": 0.7317581780375485,
    "p1200": 0.6639370967281736,
    "p2500": 0.6350547109764437,
    "p5000": 0.5965246774758263,
    "p10000": 0.5189553646283149,
    "p20000": 0.4649546458522738
  },
  "Profile_learn_004": {
    "p20": 0.7696565330156944,
    "p40": 0.8561837374566993,
    "p80": 0.9429382383363423,
    "p160": 0.9250670405106591,
    "p320": 0.9130504637574262,
    "p640": 0.9089884961947949,
    "p1200": 0.8271623105533935,
    "p2500": 0.7894903781042187,
    "p5000": 0.7431634915602809,
    "p10000": 0.6456097871456042,
    "p20000": 0.5781572634743283
  },
  "Profile_learn_005": {
    "p20": 0.7603868428832337,
    "p40": 0.840318958553665,
    "p80": 0.9342017490356764,
    "p160": 0.9286880045617236,
    "p320": 0.9102586852072263,
    "p640": 0.9180892426547378,
    "p1200": 0.8336775578985474,
    "p2500": 0.7933756154185048,
    "p5000": 0.7458831713379694,
    "p10000": 0.6502622457765226,
    "p20000": 0.5816613019386637
  }
}