{
  "worship": {
    "master": {
      "sub": 1.0,
      "low": 0.7897397500388803,
      "mid": 0.3556581496792123,
      "highmid": 0.07362754326237089,
      "air": 0.012878113860122014
    }
  },
  "hilsong": {
    "master": {
      "sub": 1.0,
      "low": 0.9637141485034998,
      "mid": 0.5749034263555357,
      "highmid": 0.10679518618975684,
      "air": 0.05089485635740242
    }
  }
}